{
  "project_info": {
    "project_number": "410499514529",
    "firebase_url": "https://srexerzone.firebaseio.com",
    "project_id": "srexerzone",
    "storage_bucket": "srexerzone.appspot.com"
  },
  "client": [
    {
      "client_info": {
        "mobilesdk_app_id": "1:410499514529:android:780119b96d77ee77",
        "android_client_info": {
          "package_name": "com.example.acer.exerzone"
        }
      },
      "oauth_client": [
        {
          "client_id": "410499514529-c9um2qm98bv6g4otglgoc1cscrk1ie9p.apps.googleusercontent.com",
          "client_type": 1,
          "android_info": {
            "package_name": "com.example.acer.exerzone",
            "certificate_hash": "75f8c5c1f45a43426b7437641ee00df2f2f7140b"
          }
        },
        {
          "client_id": "410499514529-1lil439qb6ckfpjmrvf6a88c16o61kmi.apps.googleusercontent.com",
          "client_type": 3
        }
      ],
      "api_key": [
        {
          "current_key": "AIzaSyBC3Uw4vLHnK6D_JEyzNWcRwopDXDxWBjo"
        }
      ],
      "services": {
        "analytics_service": {
          "status": 1
        },
        "appinvite_service": {
          "status": 2,
          "other_platform_oauth_client": [
            {
              "client_id": "410499514529-1lil439qb6ckfpjmrvf6a88c16o61kmi.apps.googleusercontent.com",
              "client_type": 3
            }
          ]
        },
        "ads_service": {
          "status": 2
        }
      }
    }
  ],
  "configuration_version": "1"
}